time_s,I_level1_A,I_level2_A,I_level3_A,norm_I_level1,norm_I_level2,norm_I_level3
0.01,6.368516540649832e-05,-2.4094896540558667e-05,-0.00031389745277179374,1.0,1.0,1.0
0.010472494122981487,6.368516539396705e-05,-2.4094896535817536e-05,-0.0003138974527100284,0.9999999998032308,0.9999999998032308,0.999999999803231
0.010967313315588178,6.368516538084369e-05,-2.4094896530852388e-05,-0.0003138974526453447,0.9999999995971647,0.9999999995971646,0.9999999995971645
0.01148551242423938,6.368516536710025e-05,-2.4094896525652643e-05,-0.0003138974525776048,0.9999999993813617,0.9999999993813617,0.9999999993813617
0.012028196136227775,6.368516535270744e-05,-2.4094896520207207e-05,-0.00031389745250666413,0.9999999991553623,0.9999999991553622,0.9999999991553623
0.012596521334671401,6.368516533763457e-05,-2.409489651450448e-05,-0.00031389745243237156,0.9999999989186846,0.9999999989186844,0.9999999989186845
0.013191699564735716,6.368516532184952e-05,-2.4094896508532304e-05,-0.0003138974523545687,0.9999999986708239,0.9999999986708238,0.9999999986708238
0.013814999616383224,6.368516530531864e-05,-2.4094896502277945e-05,-0.0003138974522730898,0.9999999984112519,0.9999999984112519,0.999999998411252
0.01446775022915648,6.368516528800668e-05,-2.4094896495728073e-05,-0.00031389745218776097,0.9999999981394153,0.9999999981394153,0.9999999981394154
0.01515134292476053,6.368516526987675e-05,-2.4094896488868722e-05,-0.00031389745209840043,0.9999999978547347,0.9999999978547347,0.9999999978547347
0.015867234973483177,6.368516525089019e-05,-2.4094896481685273e-05,-0.0003138974520048177,0.9999999975566031,0.9999999975566032,0.9999999975566031
0.01661695250077689,6.368516523100651e-05,-2.4094896474162404e-05,-0.0003138974519068132,0.9999999972443848,0.9999999972443848,0.9999999972443849
0.01740209374062485,6.368516521018335e-05,-2.409489646628409e-05,-0.00031389745180417805,0.9999999969174145,0.9999999969174146,0.9999999969174147
0.018224332442626664,6.368516518837632e-05,-2.4094896458033528e-05,-0.00031389745169669344,0.9999999965749952,0.999999996574995,0.9999999965749952
0.01908542144006686,6.368516516553892e-05,-2.409489644939313e-05,-0.00031389745158413027,0.9999999962163967,0.9999999962163965,0.9999999962163966
0.019987196386572505,6.368516514162245e-05,-2.409489644034448e-05,-0.00031389745146624855,0.9999999958408544,0.9999999958408543,0.9999999958408544
0.02093157966932574,6.368516511657594e-05,-2.409489643086829e-05,-0.00031389745134279695,0.999999995447568,0.999999995447568,0.9999999954475681
0.021920584507173258,6.368516509034601e-05,-2.409489642094435e-05,-0.00031389745121351235,0.9999999950356994,0.9999999950356991,0.9999999950356991
0.022956319242369096,6.368516506287672e-05,-2.4094896410551514e-05,-0.0003138974510781192,0.9999999946043698,0.9999999946043697,0.9999999946043698
0.02404099183509972,6.368516503410953e-05,-2.4094896399667622e-05,-0.0003138974509363287,0.9999999941526604,0.9999999941526603,0.9999999941526603
0.02517691457037277,6.36851650039831e-05,-2.4094896388269472e-05,-0.00031389745078783875,0.9999999936796078,0.9999999936796078,0.9999999936796079
0.026366508987303583,6.368516497243323e-05,-2.4094896376332765e-05,-0.0003138974506323327,0.999999993184204,0.9999999931842039,0.999999993184204
0.02761231104130753,6.368516493939263e-05,-2.4094896363832057e-05,-0.0003138974504694791,0.9999999926653924,0.9999999926653924,0.9999999926653924
0.028916976510202995,6.368516490479088e-05,-2.4094896350740695e-05,-0.0003138974502989308,0.9999999921220674,0.9999999921220674,0.9999999921220675
0.030283286655749458,6.368516486855423e-05,-2.4094896337030775e-05,-0.0003138974501203241,0.9999999915530706,0.9999999915530705,0.9999999915530705
0.03171415415268999,6.368516483060541e-05,-2.4094896322673072e-05,-0.0003138974499332784,0.9999999909571889,0.999999990957189,0.999999990957189
0.03321262929793748,6.368516479086353e-05,-2.4094896307636974e-05,-0.0003138974497373949,0.9999999903331523,0.9999999903331523,0.9999999903331523
0.0347819065131413,6.368516474924388e-05,-2.4094896291890428e-05,-0.000313897449532256,0.9999999896796304,0.9999999896796303,0.9999999896796303
0.03642533115449638,6.368516470565773e-05,-2.4094896275399872e-05,-0.00031389744931742446,0.9999999889952301,0.99999998899523,0.99999998899523
0.03814640664431178,6.368516466001214e-05,-2.409489625813014e-05,-0.0003138974490924422,0.9999999882784919,0.9999999882784918,0.9999999882784919
0.0399488019395417,6.368516461220983e-05,-2.409489624004443e-05,-0.0003138974488568297,0.9999999875278884,0.9999999875278884,0.9999999875278884
0.041836359353200195,6.36851645621489e-05,-2.409489622110418e-05,-0.0003138974486100846,0.9999999867418194,0.9999999867418194,0.9999999867418194
0.04381310274533306,6.368516450972261e-05,-2.409489620126901e-05,-0.000313897448351681,0.9999999859186091,0.9999999859186091,0.9999999859186092
0.04588324610100845,6.368516445481923e-05,-2.4094896180496644e-05,-0.00031389744808106796,0.9999999850565027,0.9999999850565026,0.9999999850565026
0.04805120251361242,6.368516439732167e-05,-2.409489615874279e-05,-0.0003138974477976686,0.999999984153662,0.999999984153662,0.9999999841536621
0.05032159359259993,6.368516433710738e-05,-2.409489613596108e-05,-0.0003138974475008788,0.9999999832081626,0.9999999832081625,0.9999999832081627
0.052699259315756565,6.368516427404802e-05,-2.4094896112102955e-05,-0.00031389744719006584,0.999999982217989,0.9999999822179891,0.9999999822179892
0.0551892683469738,6.368516420800914e-05,-2.4094896087117543e-05,-0.00031389744686456715,0.9999999811810305,0.9999999811810304,0.9999999811810305
0.05779692884153313,6.368516413884996e-05,-2.4094896060951584e-05,-0.00031389744652368884,0.9999999800950762,0.9999999800950761,0.9999999800950762
0.06052779976193349,6.368516406642304e-05,-2.40948960335493e-05,-0.0003138974461667042,0.9999999789578111,0.9999999789578109,0.999999978957811
0.06338770272838487,6.368516399057401e-05,-2.4094896004852277e-05,-0.00031389744579285233,0.999999977766811,0.9999999777668109,0.9999999777668109
0.06638273442923082,6.368516391114113e-05,-2.409489597479933e-05,-0.0003138974454013361,0.9999999765195365,0.9999999765195366,0.9999999765195366
0.06951927961775606,6.368516382795512e-05,-2.4094895943326406e-05,-0.000313897444991321,0.9999999752133296,0.9999999752133295,0.9999999752133295
0.0728040247230857,6.36851637408386e-05,-2.40948959103664e-05,-0.0003138974445619329,0.9999999738454046,0.9999999738454046,0.9999999738454046
0.07624397210419138,6.368516364960588e-05,-2.4094895875849054e-05,-0.0003138974441122565,0.9999999724128463,0.9999999724128463,0.9999999724128464
0.07984645497739086,6.368516355406248e-05,-2.4094895839700784e-05,-0.00031389744364133314,0.9999999709126005,0.9999999709126004,0.9999999709126005
0.08361915304916318,6.36851634540047e-05,-2.409489580184453e-05,-0.00031389744314815895,0.9999999693414688,0.9999999693414688,0.999999969341469
0.08757010888760508,6.368516334921925e-05,-2.409489576219959e-05,-0.0003138974426316825,0.9999999676961022,0.9999999676961021,0.9999999676961022
0.0917077450674293,6.368516323948275e-05,-2.409489572068145e-05,-0.0003138974420908029,0.9999999659729929,0.9999999659729929,0.999999965972993
0.0960408821250538,6.368516312456126e-05,-2.4094895677201603e-05,-0.00031389744152436703,0.9999999641684677,0.9999999641684677,0.9999999641684677
0.10057875736205836,6.368516300420982e-05,-2.409489563166736e-05,-0.00031389744093116744,0.9999999622786799,0.9999999622786798,0.9999999622786799
0.1053310445370937,6.368516287817182e-05,-2.409489558398165e-05,-0.0003138974403099395,0.9999999602996006,0.9999999602996005,0.9999999602996006
0.1103078744882215,6.36851627461786e-05,-2.4094895534042816e-05,-0.0003138974396593589,0.9999999582270109,0.9999999582270108,0.9999999582270109
0.11551985672964793,6.368516260794879e-05,-2.4094895481744407e-05,-0.00031389743897803875,0.9999999560564927,0.9999999560564927,0.9999999560564927
0.12097810206889013,6.36851624631877e-05,-2.4094895426974924e-05,-0.0003138974382645266,0.9999999537834188,0.9999999537834188,0.9999999537834188
0.12669424629259063,6.368516231158674e-05,-2.4094895369617614e-05,-0.00031389743751730146,0.9999999514029434,0.9999999514029433,0.9999999514029434
0.13268047497147245,6.368516215282272e-05,-2.4094895309550208e-05,-0.00031389743673477036,0.999999948909992,0.9999999489099919,0.999999948909992
0.13894954943731375,6.368516198655718e-05,-2.4094895246644652e-05,-0.0003138974359152651,0.99999994629925,0.99999994629925,0.9999999462992499
0.14551483398731938,6.368516181243571e-05,-2.4094895180766848e-05,-0.0003138974350570388,0.9999999435651522,0.9999999435651522,0.9999999435651522
0.1523903243738829,6.368516163008708e-05,-2.409489511177635e-05,-0.0003138974341582617,0.9999999407018696,0.9999999407018696,0.9999999407018697
0.1595906776404731,6.36851614391226e-05,-2.40948950395261e-05,-0.00031389743321701797,0.9999999377032989,0.9999999377032989,0.999999937703299
0.16713124336724874,6.368516123913517e-05,-2.4094894963862063e-05,-0.000313897432231301,0.9999999345630474,0.9999999345630474,0.9999999345630474
0.17502809639301012,6.368516102969844e-05,-2.4094894884622947e-05,-0.0003138974311990095,0.9999999312744208,0.9999999312744208,0.9999999312744208
0.18329807108324356,6.368516081036596e-05,-2.4094894801639827e-05,-0.00031389743011794283,0.9999999278304086,0.9999999278304085,0.9999999278304086
0.1919587972173111,6.368516058067014e-05,-2.4094894714735805e-05,-0.00031389742898579637,0.9999999242236688,0.9999999242236687,0.9999999242236687
0.20102873757128856,6.368516034012133e-05,-2.4094894623725622e-05,-0.00031389742780015673,0.9999999204465128,0.9999999204465128,0.9999999204465128
0.2105272272765707,6.368516008820673e-05,-2.409489452841526e-05,-0.00031389742655849625,0.9999999164908883,0.9999999164908883,0.9999999164908882
0.22047451503814744,6.368515982438932e-05,-2.409489442860154e-05,-0.00031389742525816814,0.9999999123483629,0.9999999123483629,0.9999999123483629
0.23089180630041925,6.368515954810668e-05,-2.409489432407168e-05,-0.00031389742389640023,0.9999999080101056,0.9999999080101056,0.9999999080101057
0.24180130845257206,6.368515925876987e-05,-2.4094894214602847e-05,-0.0003138974224702896,0.9999999034668683,0.9999999034668683,0.9999999034668683
0.25322627816987947,6.368515895576204e-05,-2.4094894099961674e-05,-0.00031389742097679606,0.9999998987089656,0.9999998987089657,0.9999998987089657
0.2651910709918538,6.368515863843729e-05,-2.4094893979903773e-05,-0.00031389741941273587,0.999999893726255,0.9999998937262549,0.999999893726255
0.2777211932429355,6.368515830611913e-05,-2.4094893854173214e-05,-0.0003138974177747748,0.9999998885081142,0.9999998885081142,0.9999998885081142
0.2908433564064048,6.368515795809914e-05,-2.4094893722501953e-05,-0.00031389741605942096,0.9999998830434194,0.9999998830434191,0.9999998830434192
0.3045855340674284,6.36851575936354e-05,-2.409489358460931e-05,-0.00031389741426301776,0.9999998773205209,0.9999998773205209,0.999999877320521
0.31897702154663216,6.368515721195097e-05,-2.4094893440201315e-05,-0.00031389741238173547,0.9999998713272189,0.9999998713272187,0.9999998713272188
0.33404849835132444,6.368515681223218e-05,-2.4094893288970134e-05,-0.0003138974104115638,0.9999998650507369,0.9999998650507369,0.9999998650507368
0.3498320935775036,6.368515639362691e-05,-2.4094893130593364e-05,-0.00031389740834830265,0.9999998584776949,0.9999998584776948,0.9999998584776949
0.36636145440207163,6.368515595524279e-05,-2.409489296473339e-05,-0.00031389740618755364,0.9999998515940804,0.9999998515940804,0.9999998515940806
0.38367181781126447,6.368515549614528e-05,-2.409489279103663e-05,-0.0003138974039247105,0.9999998443852194,0.9999998443852194,0.9999998443852195
0.40180008571820913,6.368515501535569e-05,-2.40948926091328e-05,-0.00031389740155494944,0.999999836835744,0.999999836835744,0.9999998368357441
0.42078490362974025,6.368515451184909e-05,-2.4094892418634125e-05,-0.00031389739907321853,0.9999998289295605,0.9999998289295604,0.9999998289295605
0.4406667430301786,6.368515398455208e-05,-2.4094892219134498e-05,-0.0003138973964742273,0.9999998206498142,0.9999998206498143,0.9999998206498143
0.4614879876576939,6.368515343234062e-05,-2.4094892010208634e-05,-0.0003138973937524353,0.9999998119788551,0.9999998119788551,0.9999998119788552
0.4832930238571752,6.368515285403749e-05,-2.4094891791411147e-05,-0.0003138973909020403,0.9999998028981985,0.9999998028981982,0.9999998028981983
0.5061283352022219,6.368515224840988e-05,-2.4094891562275613e-05,-0.0003138973879169658,0.999999793388486,0.999999793388486,0.9999997933884861
0.5300426015879672,6.368515161416673e-05,-2.4094891322313557e-05,-0.0003138973847908483,0.9999997834294454,0.9999997834294453,0.9999997834294454
0.5550868030059806,6.368515094995597e-05,-2.409489107101344e-05,-0.00031389738151702364,0.999999772999846,0.9999997729998459,0.9999997729998461
0.5813143282224713,6.368515025436164e-05,-2.4094890807839545e-05,-0.0003138973780885127,0.9999997620774542,0.9999997620774543,0.9999997620774543
0.6087810885914762,6.368514952590091e-05,-2.4094890532230836e-05,-0.0003138973744980067,0.9999997506389862,0.999999750638986,0.9999997506389863
0.6375456372456506,6.368514876302085e-05,-2.4094890243599785e-05,-0.00031389737073785144,0.9999997386600573,0.9999997386600573,0.9999997386600573
0.6676692939187563,6.368514796409516e-05,-2.409488994133109e-05,-0.0003138973668000311,0.9999997261151313,0.9999997261151312,0.9999997261151313
0.6992162756659375,6.36851471274207e-05,-2.4094889624780377e-05,-0.0003138973626761511,0.9999997129774649,0.9999997129774648,0.9999997129774649
0.7322538337604534,6.368514625121388e-05,-2.4094889293272837e-05,-0.0003138973583574203,0.9999996992190517,0.9999996992190517,0.9999996992190519
0.766852397058701,6.368514533360683e-05,-2.4094888946101767e-05,-0.000313897353834632,0.999999684810562,0.999999684810562,0.999999684810562
0.8030857221391512,6.36851443726434e-05,-2.409488858252707e-05,-0.0003138973490981447,0.9999996697212797,0.9999996697212796,0.9999996697212796
0.8410310505352605,6.368514336627501e-05,-2.409488820177369e-05,-0.00031389734413786127,0.999999653919038,0.9999996539190379,0.9999996539190379
0.8807692733975462,6.368514231235633e-05,-2.409488780302994e-05,-0.0003138973389432074,0.9999996373701497,0.9999996373701496,0.9999996373701496
0.9223851039358476,6.368514120864063e-05,-2.4094887385445795e-05,-0.00031389733350310935,0.9999996200393366,0.9999996200393366,0.9999996200393366
0.9659672580093832,6.368514005277504e-05,-2.409488694813105e-05,-0.00031389732780596997,0.9999996018896532,0.9999996018896532,0.9999996018896532
1.0116086432495808,6.368513884229549e-05,-2.4094886490153444e-05,-0.0003138973218396441,0.9999995828824081,0.999999582882408,0.9999995828824081
1.059406557118851,6.368513757462152e-05,-2.4094886010536677e-05,-0.0003138973155914131,0.9999995629770823,0.9999995629770821,0.9999995629770824
1.1094628943275218,6.368513624705073e-05,-2.4094885508258313e-05,-0.00031389730904795687,0.999999542131242,0.999999542131242,0.9999995421312419
1.1618843640511003,6.368513485675304e-05,-2.40948849822476e-05,-0.00031389730219532643,0.9999995203004485,0.9999995203004484,0.9999995203004485
1.216782717410923,6.368513340076462e-05,-2.4094884431383202e-05,-0.0003138972950189133,0.9999994974381632,0.9999994974381631,0.9999994974381632
1.2742749857031335,6.368513187598165e-05,-2.40948838544908e-05,-0.00031389728750341907,0.9999994734956491,0.9999994734956489,0.999999473495649
1.3344837298838383,6.36851302791536e-05,-2.4094883250340583e-05,-0.00031389727963282237,0.9999994484218657,0.9999994484218655,0.9999994484218657
1.3975373018422912,6.368512860687642e-05,-2.4094882617644644e-05,-0.0003138972713903448,0.9999994221633615,0.9999994221633615,0.9999994221633616
1.4635701180190799,6.368512685558518e-05,-2.4094881955054212e-05,-0.0003138972627584152,0.9999993946641593,0.9999993946641592,0.9999993946641591
1.5327229459526135,6.36851250215465e-05,-2.4094881261156785e-05,-0.00031389725371863236,0.9999993658656365,0.9999993658656364,0.9999993658656366
1.6051432043647615,6.368512310085062e-05,-2.409488053447314e-05,-0.0003138972442517253,0.9999993357064014,0.9999993357064014,0.9999993357064015
1.6809852774253637,6.368512108940307e-05,-2.4094879773454137e-05,-0.0003138972343375127,0.9999993041221614,0.9999993041221612,0.9999993041221612
1.7604108438655526,6.368511898291586e-05,-2.4094878976477466e-05,-0.0003138972239548598,0.9999992710455854,0.9999992710455855,0.9999992710455854
1.843589221641488,6.368511677689845e-05,-2.409487814184414e-05,-0.000313897213081633,0.9999992364061621,0.9999992364061618,0.999999236406162
1.9306977288832496,6.368511446664809e-05,-2.409487726777491e-05,-0.00031389720169465305,0.9999992001300474,0.9999992001300473,0.9999992001300474
2.0219220618983536,6.368511204723984e-05,-2.4094876352406458e-05,-0.00031389718976964536,0.9999991621399089,0.9999991621399089,0.9999991621399089
2.117456691035712,6.368510951351608e-05,-2.409487539378742e-05,-0.00031389717728118864,0.9999991223547605,0.9999991223547604,0.9999991223547605
2.2175052752539317,6.368510686007547e-05,-2.409487438987424e-05,-0.00031389716420266014,0.9999990806897889,0.9999990806897888,0.9999990806897888
2.3222810962777247,6.368510408126147e-05,-2.4094873338526795e-05,-0.00031389715050617945,0.9999990370561738,0.9999990370561735,0.9999990370561735
2.4320075132679473,6.368510117115026e-05,-2.409487223750385e-05,-0.0003138971361625488,0.9999989913608976,0.9999989913608976,0.9999989913608978
2.54691843897454,6.368509812353817e-05,-2.4094871084458275e-05,-0.0003138971211411907,0.9999989435065494,0.9999989435065492,0.9999989435065494
2.667258838387405,6.368509493192834e-05,-2.4094869876932032e-05,-0.000313897105410083,0.9999988933911134,0.9999988933911134,0.9999988933911134
2.793285250948253,6.368509158951699e-05,-2.4094868612350947e-05,-0.00031389708893569057,0.9999988409077551,0.9999988409077551,0.9999988409077551
2.9252663374366445,6.368508808917887e-05,-2.409486728801922e-05,-0.0003138970716828937,0.9999987859445922,0.9999987859445921,0.9999987859445922
3.063483452696084,6.368508442345202e-05,-2.4094865901113676e-05,-0.00031389705361491334,0.9999987283844551,0.9999987283844552,0.9999987283844552
3.2082312454210773,6.368508058452196e-05,-2.4094864448677747e-05,-0.0003138970346932326,0.9999986681046391,0.9999986681046392,0.9999986681046391
3.359818286283781,6.368507656420498e-05,-2.4094862927615164e-05,-0.00031389701487751485,0.9999986049766413,0.9999986049766412,0.9999986049766412
3.518567725739263,6.368507235393064e-05,-2.4094861334683377e-05,-0.00031389699412551745,0.9999985388658867,0.9999985388658867,0.9999985388658869
3.6848179829116767,6.368506794472362e-05,-2.4094859666486607e-05,-0.00031389697239300176,0.9999984696314427,0.9999984696314426,0.9999984696314426
3.858923467029903,6.368506332718448e-05,-2.4094857919468645e-05,-0.0003138969496336391,0.9999983971257169,0.9999983971257167,0.9999983971257168
4.0412553329506,6.368505849146968e-05,-2.4094856089905244e-05,-0.00031389692579891174,0.9999983211941437,0.9999983211941436,0.9999983211941437
4.232202272379276,6.368505342727061e-05,-2.4094854173896202e-05,-0.00031389690083800947,0.9999982416748547,0.9999982416748545,0.9999982416748546
4.432171342476085,6.368504812379152e-05,-2.409485216735702e-05,-0.0003138968746977213,0.9999981583983325,0.9999981583983325,0.9999981583983325
4.6415888336127775,6.368504256972664e-05,-2.409485006601022e-05,-0.00031389684732232226,0.9999980711870513,0.9999980711870513,0.9999980711870513
4.86090117813063,6.368503675323599e-05,-2.4094847865376215e-05,-0.00031389681865345425,0.9999979798550964,0.9999979798550963,0.9999979798550963
5.090575902036681,6.368503066192013e-05,-2.409484556076376e-05,-0.0003138967886300019,0.999997884207769,0.999997884207769,0.9999978842077691
5.331102621667033,6.368502428279382e-05,-2.409484314725996e-05,-0.0003138967571879621,0.9999977840411718,0.9999977840411717,0.9999977840411718
5.58299408744192,6.36850176022582e-05,-2.4094840619719785e-05,-0.0003138967242603078,0.9999976791417723,0.9999976791417723,0.9999976791417722
5.846787276937589,6.368501060607197e-05,-2.4094837972755103e-05,-0.0003138966897768449,0.9999975692859496,0.9999975692859496,0.9999975692859495
6.123044539605184,6.368500327932086e-05,-2.4094835200723204e-05,-0.0003138966536640627,0.9999974542395168,0.9999974542395167,0.9999974542395168
6.412354795576917,6.368499560638598e-05,-2.4094832297714774e-05,-0.0003138966158449772,0.9999973337572219,0.9999973337572218,0.9999973337572219
6.715334791115142,6.368498757091043e-05,-2.4094829257541277e-05,-0.00031389657623896706,0.9999972075822249,0.9999972075822249,0.9999972075822249
7.032630413380644,6.368497915576447e-05,-2.4094826073721776e-05,-0.0003138965347616015,0.9999970754455505,0.9999970754455504,0.9999970754455504
7.364918067322965,6.3684970343009e-05,-2.409482273946913e-05,-0.00031389649132446075,0.9999969370655146,0.9999969370655145,0.9999969370655145
7.712906117627992,6.36849611138573e-05,-2.4094819247675497e-05,-0.00031389644583494706,0.9999967921471239,0.9999967921471238,0.9999967921471239
8.07733639879671,6.368495144863507e-05,-2.4094815590897214e-05,-0.0003138963981960876,0.999996640381447,0.9999966403814469,0.9999966403814469
8.4589857965743,6.368494132673831e-05,-2.4094811761338897e-05,-0.0003138963483063278,0.9999964814449553,0.9999964814449555,0.9999964814449555
8.858667904100823,6.368493072658964e-05,-2.4094807750836853e-05,-0.00031389629605931474,0.9999963149988355,0.9999963149988353,0.9999963149988355
9.27723475631406,6.368491962559204e-05,-2.409480355084166e-05,-0.00031389624134367023,0.9999961406882636,0.9999961406882636,0.9999961406882636
9.715578646301857,6.368490800008091e-05,-2.409479915239995e-05,-0.000313896184042754,0.9999959581416524,0.9999959581416523,0.9999959581416525
10.174634027476063,6.368489582527348e-05,-2.4094794546135313e-05,-0.0003138961240344143,0.9999957669698568,0.9999957669698568,0.9999957669698568
10.655379505623053,6.368488307521606e-05,-2.4094789722228323e-05,-0.0003138960611907281,0.9999955667653453,0.9999955667653453,0.9999955667653453
11.15883992507748,6.368486972272865e-05,-2.4094784670395595e-05,-0.0003138959953777282,0.9999953571013314,0.9999953571013313,0.9999953571013314
11.68608855346651,6.368485573934705e-05,-2.409477937986788e-05,-0.00031389592645511745,0.9999951375308631,0.999995137530863,0.999995137530863
12.238249369681924,6.36848410952622e-05,-2.4094773839367084e-05,-0.0003138958542759702,0.999994907585871,0.9999949075858708,0.999994907585871
12.816499459957583,6.368482575925654e-05,-2.4094768037082246e-05,-0.0003138957786864183,0.9999946667761697,0.9999946667761695,0.9999946667761695
13.422071527160119,6.368480969863759e-05,-2.4094761960644357e-05,-0.00031389569952532413,0.9999944145884138,0.9999944145884136,0.9999944145884138
14.05625651864215,6.368479287916817e-05,-2.4094755597099995e-05,-0.0003138956166239361,0.9999941504850027,0.9999941504850027,0.9999941504850026
14.720406378260014,6.368477526499347e-05,-2.40947489328837e-05,-0.00031389552980552976,0.9999938739029355,0.9999938739029355,0.9999938739029355
15.415936928422719,6.368475681856459e-05,-2.4094741953789077e-05,-0.00031389543888503044,0.99999358425261,0.9999935842526101,0.9999935842526102
16.14433088831602,6.368473750055852e-05,-2.4094734644938504e-05,-0.0003138953436686192,0.999993280916567,0.999993280916567,0.9999932809165671
16.9071410347358,6.36847172697943e-05,-2.4094726990751412e-05,-0.0003138952439533195,0.999992963248173,0.9999929632481729,0.9999929632481731
17.70599351226898,6.368469608314523e-05,-2.4094718974911084e-05,-0.00031389513952656436,0.999992630570242,0.9999926305702419,0.9999926305702421
18.542591299878524,6.368467389544702e-05,-2.4094710580329874e-05,-0.00031389503016574367,0.9999922821735931,0.999992282173593,0.999992282173593
19.418717841282547,6.368465065940138e-05,-2.4094701789112768e-05,-0.0003138949156377293,0.9999919173155372,0.9999919173155373,0.9999919173155373
20.336240846866723,6.368462632547534e-05,-2.409469258251926e-05,-0.0003138947956983784,0.9999915352182954,0.9999915352182955,0.9999915352182954
21.29711627523478,6.368460084179556e-05,-2.4094682940923387e-05,-0.0003138946700920128,0.99999113506734,0.99999113506734,0.99999113506734
22.303392502884964,6.368457415403781e-05,-2.4094672843771913e-05,-0.0003138945385508741,0.9999907160096588,0.9999907160096588,0.9999907160096588
23.357214690901213,6.368454620531119e-05,-2.40946622695405e-05,-0.000313894400794553,0.9999902771519367,0.9999902771519367,0.9999902771519367
24.46082935796798,6.368451693603682e-05,-2.4094651195687847e-05,-0.0003138942565293915,0.9999898175586518,0.9999898175586516,0.9999898175586516
25.616589169457267,6.368448628382084e-05,-2.4094639598607618e-05,-0.00031389410544785694,0.9999893362500804,0.9999893362500804,0.9999893362500802
26.826957952797247,6.36844541833215e-05,-2.4094627453578146e-05,-0.00031389394722788666,0.9999888322002104,0.9999888322002102,0.9999888322002102
28.094515949814063,6.368442056610975e-05,-2.4094614734709734e-05,-0.0003138937815322013,0.9999883043345523,0.9999883043345523,0.9999883043345525
29.421965317243743,6.368438536052354e-05,-2.409460141488946e-05,-0.0003138936080075859,0.9999877515278511,0.9999877515278511,0.9999877515278512
30.812135887140023,6.368434849151495e-05,-2.40945874657234e-05,-0.0003138934262841372,0.9999871726016858,0.9999871726016857,0.9999871726016858
32.26799119945808,6.368430988049024e-05,-2.40945728574761e-05,-0.0003138932359744752,0.9999865663219586,0.9999865663219586,0.9999865663219586
33.79263481967431,6.36842694451424e-05,-2.409455755900719e-05,-0.00031389303667291713,0.9999859313962646,0.9999859313962645,0.9999859313962646
35.38931695490988,6.368422709927566e-05,-2.4094541537705033e-05,-0.0003138928279546133,0.999985266471137,0.9999852664711368,0.9999852664711371
37.06144138266228,6.368418275262179e-05,-2.409452475941718e-05,-0.000313892609374641,0.9999845701291618,0.9999845701291615,0.9999845701291616
38.81257270691536,6.368413631064769e-05,-2.4094507188377617e-05,-0.00031389238046705665,0.9999838408859573,0.9999838408859572,0.9999838408859572
40.64644395709628,6.368408767435391e-05,-2.4094488787130498e-05,-0.00031389214074390245,0.99998307718701,0.99998307718701,0.9999830771870101
42.566964546078715,6.368403674006365e-05,-2.4094469516450326e-05,-0.00031389188969416633,0.9999822774043614,0.9999822774043614,0.9999822774043615
44.578228604197065,6.368398339920179e-05,-2.4094449335258366e-05,-0.0003138916267826929,0.9999814398331386,0.9999814398331386,0.9999814398331386
46.6845237070379,6.368392753806344e-05,-2.4094428200535068e-05,-0.000313891351449043,0.9999805626879198,0.9999805626879198,0.9999805626879197
48.89034001561443,6.368386903757166e-05,-2.4094406067228386e-05,-0.0003138910631062989,0.9999796440989297,0.9999796440989296,0.9999796440989297
51.20037984840887,6.368380777302363e-05,-2.4094382888157767e-05,-0.00031389076113981344,0.9999786821080542,0.9999786821080541,0.9999786821080541
53.61956770568817,6.36837436138249e-05,-2.409435861391359e-05,-0.00031389044490590047,0.9999776746646672,0.9999776746646671,0.9999776746646671
56.153060767462726,6.368367642321103e-05,-2.4094333192751855e-05,-0.00031389011373046254,0.9999766196212605,0.9999766196212603,0.9999766196212604
58.80625988746757,6.368360605795612e-05,-2.409430657048392e-05,-0.0003138897669075543,0.9999755147288658,0.9999755147288658,0.9999755147288659
61.584821106602604,6.368353236806762e-05,-2.4094278690361004e-05,-0.00031388940369787827,0.9999743576322636,0.9999743576322636,0.9999743576322637
64.4946677103762,6.368345519646661e-05,-2.409424949295325e-05,-0.00031388902332720906,0.9999731458649626,0.9999731458649624,0.9999731458649624
67.54200285605587,6.368337437865306e-05,-2.409421891602307e-05,-0.00031388862498474344,0.9999718768439426,0.9999718768439425,0.9999718768439427
70.73332279644438,6.368328974235525e-05,-2.4094186894392503e-05,-0.00031388820782137227,0.9999705478641517,0.9999705478641516,0.9999705478641517
74.07543072847163,6.36832011071627e-05,-2.409415335980433e-05,-0.0003138877709478713,0.9999691560927401,0.99996915609274,0.99996915609274
77.57545129612413,6.368310828414162e-05,-2.4094118240776613e-05,-0.000313887313433006,0.9999676985630236,0.9999676985630237,0.9999676985630237
81.24084577862966,6.36830110754324e-05,-2.4094081462450345e-05,-0.0003138868343015471,0.9999661721681623,0.9999661721681622,0.9999661721681623
85.07942799627445,6.368290927382787e-05,-2.409404294642996e-05,-0.00031388633253219236,0.9999645736545386,0.9999645736545385,0.9999645736545385
89.09938096776106,6.368280266233179e-05,-2.409400261061625e-05,-0.0003138858070553903,0.9999628996148247,0.9999628996148245,0.9999628996148245
93.30927435461663,6.36826910136965e-05,-2.4093960369031436e-05,-0.00031388525675106124,0.9999611464807224,0.9999611464807223,0.9999611464807223
97.71808272983898,6.368257408993865e-05,-2.409391613163595e-05,-0.00031388468044621034,0.9999593105153589,0.9999593105153589,0.999959310515359
102.33520470972576,6.368245164183209e-05,-2.4093869804136602e-05,-0.00031388407691242815,0.9999573878053247,0.9999573878053247,0.9999573878053247
107.17048298967093,6.368232340837685e-05,-2.409382128778562e-05,-0.0003138834448632735,0.9999553742523344,0.9999553742523345,0.9999553742523345
112.23422532664173,6.368218911624303e-05,-2.4093770479170297e-05,-0.0003138827829515321,0.9999532655644954,0.9999532655644952,0.9999532655644953
117.53722651306367,6.368204847918837e-05,-2.409371726999262e-05,-0.0003138820897663462,0.9999510572471618,0.9999510572471617,0.9999510572471618
123.09079138896018,6.368190119744848e-05,-2.4093661546838534e-05,-0.0003138813638302087,0.99994874459336,0.99994874459336,0.9999487445933601
128.90675894140244,6.36817469570981e-05,-2.409360319093632e-05,-0.00031388060359581514,0.9999463226737593,0.9999463226737592,0.9999463226737592
134.99752754264296,6.368158542938227e-05,-2.409354207790354e-05,-0.0003138798074427672,0.9999437863261688,0.9999437863261688,0.9999437863261689
141.37608138073614,6.368141627001602e-05,-2.4093478077482043e-05,-0.00031387897367412035,0.9999411301445419,0.9999411301445418,0.9999411301445418
148.05601813899102,6.36812391184508e-05,-2.4093411053260495e-05,-0.00031387810051276924,0.9999383484674578,0.9999383484674578,0.9999383484674578
155.0515779832622,6.368105359710653e-05,-2.4093340862383737e-05,-0.00031387718609766126,0.9999354353660613,0.9999354353660613,0.9999354353660614
162.3776739188721,6.368085931056717e-05,-2.4093267355248513e-05,-0.00031387622847983264,0.999932384631434,0.9999323846314339,0.999932384631434
170.0499235818794,6.368065584473844e-05,-2.409319037518476e-05,-0.0003138752256182563,0.9999291897613659,0.9999291897613657,0.9999291897613658
178.08468253246812,6.368044276596574e-05,-2.40931097581219e-05,-0.00031387417537549474,0.9999258439465072,0.9999258439465071,0.9999258439465072
186.49907912142942,6.368021962011058e-05,-2.409302533223937e-05,-0.0003138730755131471,0.9999223400558642,0.9999223400558642,0.9999223400558642
195.3110510040631,6.367998593158313e-05,-2.4092936917600644e-05,-0.0003138719236870815,0.9999186706216098,0.9999186706216097,0.9999186706216097
204.53938337933903,6.36797412023294e-05,-2.4092844325770014e-05,-0.00031387071744244237,0.9999148278231782,0.9999148278231783,0.9999148278231783
214.2037490358383,6.36794849107705e-05,-2.4092747359411257e-05,-0.00031386945420842243,0.999910803470611,0.9999108034706108,0.999910803470611
224.32475028984157,6.36792165106918e-05,-2.40926458118674e-05,-0.0003138681312927876,0.9999065889871127,0.9999065889871127,0.9999065889871127
234.9239629049658,6.367893543007984e-05,-2.409253946672059e-05,-0.0003138667458761438,0.9999021753907882,0.9999021753907882,0.9999021753907883
246.02398208697775,6.367864106990417e-05,-2.4092428097331295e-05,-0.00031386529500593323,0.9998975532755155,0.9998975532755155,0.9998975532755154
257.64847065183744,6.367833280284185e-05,-2.409231146635568e-05,-0.0003138637755901475,0.9998927127909167,0.9998927127909167,0.9998927127909167
269.82220946965333,6.367800997194175e-05,-2.4092189325240268e-05,-0.00031386218439074387,0.999887643621385,0.999887643621385,0.9998876436213852
282.5711502920827,6.367767188922584e-05,-2.4092061413692734e-05,-0.0003138605180167512,0.9998823349641215,0.9998823349641215,0.9998823349641216
295.9224710757957,6.367731783422448e-05,-2.4091927459127757e-05,-0.0003138587729170508,0.9998767755061363,0.9998767755061363,0.9998767755061363
309.9046339199427,6.367694705244268e-05,-2.409178717608673e-05,-0.00031385694537281665,0.999870953400165,0.999870953400165,0.999870953400165
324.54744574113255,6.367655875375403e-05,-2.409164026563011e-05,-0.00031385503148959905,0.9998648562394499,0.9998648562394499,0.9998648562394499
339.8821218152667,6.367615211071883e-05,-2.4091486414701096e-05,-0.00031385302718903515,0.999858471031331,0.9998584710313311,0.9998584710313311
355.9413523216862,6.3675726256823e-05,-2.409132529545934e-05,-0.00031385092820016854,0.999851784169593,0.999851784169593,0.9998517841695931
372.7593720314938,6.367528028463392e-05,-2.4091156564583208e-05,-0.0003138487300503598,0.9998447814055078,0.9998447814055078,0.9998447814055078
390.37203328860846,6.367481324386938e-05,-2.4090979862539176e-05,-0.00031384642805576824,0.9998374478175119,0.9998374478175119,0.9998374478175119
408.81688243912896,6.367432413937543e-05,-2.4090794812816774e-05,-0.0003138440173113851,0.9998297677794554,0.9998297677794553,0.9998297677794554
428.13323987193957,6.367381192900898e-05,-2.409060102112749e-05,-0.00031384149268059736,0.9998217249273536,0.9998217249273536,0.9998217249273537
448.36228384119056,6.367327552142071e-05,-2.4090398074565913e-05,-0.00031383884878425933,0.999813302124573,0.9998133021245731,0.9998133021245731
469.5471382493421,6.367271377373332e-05,-2.4090185540731333e-05,-0.00031383607998924955,0.9998044814253756,0.9998044814253755,0.9998044814253756
491.73296457790156,6.367212548911055e-05,-2.4089962966808008e-05,-0.0003138331803964886,0.9997952440367465,0.9997952440367464,0.9997952440367465
514.9670581618343,6.367150941421165e-05,-2.4089729878602062e-05,-0.00031383014382839236,0.9997855702784235,0.9997855702784235,0.9997855702784236
539.298949012887,6.367086423652596e-05,-2.4089485779533027e-05,-0.00031382696381573427,0.9997754395410442,0.9997754395410442,0.9997754395410443
564.7805074067546,6.367018858158197e-05,-2.4089230149577936e-05,-0.00031382363358388953,0.9997648302423217,0.9997648302423215,0.9997648302423217
591.4660544591745,6.366948101002495e-05,-2.408896244416565e-05,-0.0003138201460384308,0.9997537197811568,0.9997537197811567,0.9997537197811568
619.412477926676,6.366874001455707e-05,-2.4088682093019172e-05,-0.0003138164937500462,0.9997420844895917,0.9997420844895917,0.9997420844895916
648.6793534788508,6.366796401673346e-05,-2.4088388498943438e-05,-0.00031381266893874783,0.9997298995824999,0.9997298995824998,0.9997298995824998
679.3290717006688,6.366715136360753e-05,-2.4088081036556118e-05,-0.00031380866345733643,0.9997171391049107,0.9997171391049106,0.9997171391049107
711.4269710955731,6.366630032421836e-05,-2.4087759050958642e-05,-0.0003138044687740886,0.9997037758768538,0.9997037758768538,0.9997037758768539
745.0414773728917,6.366540908591302e-05,-2.4087421856344743e-05,-0.0003138000759546294,0.9996897814356106,0.9996897814356105,0.9996897814356106
780.2442493165045,6.366447575049577e-05,-2.408706873454357e-05,-0.0003137954756429526,0.9996751259752488,0.9996751259752488,0.9996751259752488
817.1103315457186,6.36634983301963e-05,-2.4086698933494264e-05,-0.0003137906580415484,0.9996597782833141,0.9996597782833139,0.9996597782833141
855.7183144940002,6.36624747434484e-05,-2.4086311665648868e-05,-0.00031378561289059675,0.9996437056745462,0.9996437056745461,0.9996437056745462
896.150501946605,6.366140281047031e-05,-2.4085906106300147e-05,-0.00031378032944618365,0.9996268739214801,0.9996268739214801,0.9996268739214802
938.4930864942721,6.366028024863727e-05,-2.4085481391830855e-05,-0.0003137747964574928,0.9996092471817853,0.9996092471817853,0.9996092471817855
982.836333277001,6.365910466763686e-05,-2.408503661788076e-05,-0.00031376900214292666,0.9995907879221931,0.9995907879221929,0.999590787922193
1029.2747724096077,6.365787356439671e-05,-2.408457083742761e-05,-0.0003137629341651062,0.9995714568388508,0.9995714568388507,0.9995714568388507
1077.9074004992735,6.365658431777425e-05,-2.4084083058777983e-05,-0.00031375657960469643,0.9995512127739381,0.9995512127739382,0.9995512127739382
1128.8378916846884,6.365523418299708e-05,-2.4083572243463864e-05,-0.00031374992493300404,0.9995300126283696,0.9995300126283696,0.9995300126283696
1182.1748186466698,6.365382028584256e-05,-2.4083037304040536e-05,-0.00031374295598328943,0.9995078112704003,0.9995078112704004,0.9995078112704003
1238.0318840613968,6.36523396165445e-05,-2.408247710178119e-05,-0.00031373565792073297,0.9994845614399477,0.9994845614399476,0.9994845614399477
1296.5281629896688,6.365078902341406e-05,-2.4081890444263444e-05,-0.00031372801521099315,0.9994602136484243,0.9994602136484243,0.9994602136484243
1357.7883567189276,6.364916520616175e-05,-2.4081276082842774e-05,-0.0003137200115872919,0.9994347160738802,0.9994347160738803,0.9994347160738802
1421.9430585991647,6.36474647089066e-05,-2.4080632710007528e-05,-0.0003137116300159569,0.9994080144512293,0.9994080144512292,0.9994080144512292
1489.1290324394088,6.364568391285787e-05,-2.407995895661017e-05,-0.00031370285266035087,0.9993800519573366,0.9993800519573365,0.9993800519573367
1559.489504058283,6.36438190286543e-05,-2.407925338896882e-05,-0.00031369366084311247,0.9993507690907277,0.9993507690907277,0.9993507690907277
1633.1744666101667,6.364186608834489e-05,-2.407851450583324e-05,-0.0003136840350066303,0.9993201035456679,0.9993201035456678,0.9993201035456678
1710.3410003378378,6.363982093699462e-05,-2.4077740735208953e-05,-0.0003136739546716687,0.9992879900803543,0.9992879900803543,0.9992879900803543
1791.1536074332303,6.363767922389786e-05,-2.4076930431032826e-05,-0.0003136633983940591,0.9992543603789459,0.9992543603789458,0.9992543603789459
1875.7845627201611,6.363543639338121e-05,-2.407608186969344e-05,-0.00031365234371936876,0.9992191429071481,0.9992191429071481,0.9992191429071482
1964.4142809066266,6.363308767517703e-05,-2.407519324638891e-05,-0.0003136407671354521,0.9991822627610546,0.9991822627610544,0.9991822627610546
2057.231701189553,6.363062807434751e-05,-2.4074262671314794e-05,-0.00031362864402278854,0.9991436415089338,0.9991436415089336,0.9991436415089338
2154.4346900318824,6.362805236073902e-05,-2.4073288165674138e-05,-0.0003136159486025032,0.9991031970256377,0.9991031970256375,0.9991031970256375
2256.230462970635,6.36253550579448e-05,-2.4072267657501627e-05,-0.00031360265388196584,0.9990608433192917,0.9990608433192917,0.9990608433192919
2362.8360263551754,6.362253043175362e-05,-2.407119897729317e-05,-0.00031358873159785484,0.9990164903499127,0.9990164903499126,0.9990164903499127
2474.4786399573477,6.361957247806066e-05,-2.407007985343208e-05,-0.00031357415215657185,0.998970043839582,0.9989700438395818,0.9989700438395818
2591.3963014396572,6.361647491021612e-05,-2.4068907907402495e-05,-0.00031355888457188424,0.9989214050737913,0.9989214050737912,0.9989214050737912
2713.83825371428,6.361323114578584e-05,-2.4067680648780324e-05,-0.0003135428963996693,0.9988704706935542,0.9988704706935541,0.9988704706935543
2842.065516274511,6.360983429269701e-05,-2.4066395469991572e-05,-0.00031352615366962824,0.9988171324778624,0.9988171324778623,0.9988171324778623
2976.3514416313133,6.360627713474099e-05,-2.4065049640827406e-05,-0.0003135086208138309,0.9987612771160475,0.9987612771160473,0.9987612771160475
3116.9822980411436,6.3602552116404e-05,-2.4063640302704965e-05,-0.00031349026059194807,0.9987027859695896,0.9987027859695895,0.9987027859695895
3264.2578797673236,6.359865132699516e-05,-2.4062164462662267e-05,-0.00031347103401301995,0.9986415348228908,0.9986415348228906,0.9986415348228908
3418.4921461759272,6.359456648403999e-05,-2.406061898707528e-05,-0.000313450900253605,0.9985773936225172,0.9985773936225172,0.9985773936225173
3580.013891028573,6.359028891590636e-05,-2.4059000595084503e-05,-0.0003134298165721442,0.9985102262043857,0.9985102262043856,0.9985102262043856
3749.1674433988856,6.358580954362778e-05,-2.4057305851717976e-05,-0.0003134077382193711,0.9984398900083503,0.9984398900083503,0.9984398900083503
3926.3134017068396,6.358111886188855e-05,-2.4055531160697077e-05,-0.0003133846183445885,0.9983662357796255,0.9983662357796255,0.9983662357796256
4111.829402435828,6.357620691913255e-05,-2.405367275691083e-05,-0.00031336040789762756,0.9982891072564497,0.9982891072564497,0.9982891072564497
4306.110925171165,6.357106329675669e-05,-2.4051726698543877e-05,-0.0003133350555262943,0.9982083408433765,0.9982083408433764,0.9982083408433764
4509.572135676144,6.356567708734818e-05,-2.4049688858842662e-05,-0.00031330850746910335,0.9981237652695496,0.9981237652695496,0.9981237652695495
4722.646768802954,6.356003687192281e-05,-2.4047554917503684e-05,-0.00031328070744308787,0.9980352012312943,0.9980352012312942,0.9980352012312943
4945.789053120639,6.35541306961201e-05,-2.4045320351667066e-05,-0.0003132515965264676,0.9979424610183261,0.9979424610183261,0.9979424610183261
5179.474679231202,6.354794604530888e-05,-2.404298042649792e-05,-0.00031322111303594776,0.9978453481228544,0.9978453481228542,0.9978453481228544
5424.2018138380245,6.354146981855547e-05,-2.404053018533735e-05,-0.00031318919239841004,0.9977436568308231,0.997743656830823,0.997743656830823
5680.492161728429,6.353468830140436e-05,-2.4037964439404197e-05,-0.0003131557670167521,0.997637171794507,0.9976371717945068,0.997637171794507
5948.892077934331,6.352758713741919e-05,-2.4035277757027728e-05,-0.00031312076612961565,0.9975256675856407,0.9975256675856407,0.9975256675856407
6229.973732441835,6.352015129843029e-05,-2.4032464452390982e-05,-0.00031308411566473987,0.9974089082282387,0.9974089082282386,0.9974089082282386
6524.336329932622,6.351236505343217e-05,-2.402951857376334e-05,-0.00031304573808566065,0.997286646710216,0.9972866467102162,0.9972866467102163
6832.607387157405,6.350421193607292e-05,-2.4026433891200292e-05,-0.00031300555223146866,0.9971586244728989,0.9971586244728989,0.9971586244728992
7155.444070664575,6.349567471067454e-05,-2.4023203883687484e-05,-0.0003129634731493278,0.9970245708774677,0.9970245708774675,0.9970245708774675
7493.534597735741,6.348673533672148e-05,-2.401982172570514e-05,-0.00031291941191944283,0.9968842026473469,0.9968842026473468,0.9968842026473469
7847.5997035146065,6.347737493175206e-05,-2.4016280273188276e-05,-0.00031287327547215466,0.9967372232855178,0.9967372232855178,0.9967372232855178
8218.394177456807,6.346757373258487e-05,-2.4012572048856923e-05,-0.00031282496639683,0.996583322465686,0.996583322465686,0.996583322465686
8606.708472376158,6.345731105481024e-05,-2.4008689226889975e-05,-0.00031277438274219843,0.9964221753962057,0.9964221753962056,0.9964221753962056
9013.37038951742,6.344656525047383e-05,-2.4004623616915058e-05,-0.00031272141780778,0.9962534421556178,0.9962534421556177,0.9962534421556178
9439.246843247663,6.343531366387735e-05,-2.400036664728596e-05,-0.00031266595992603097,0.9960767669986222,0.9960767669986221,0.9960767669986221
9885.245709128281,6.34235325854184e-05,-2.3995909347618252e-05,-0.00031260789223482596,0.9958917776312594,0.9958917776312594,0.9958917776312595
10352.317759307378,6.341119720338922e-05,-2.3991242330552595e-05,-0.0003125470924398782,0.9956980844540423,0.9956980844540423,0.9956980844540423
10841.458689358327,6.339828155365098e-05,-2.3986355772714353e-05,-0.0003124834325666904,0.9954952797717305,0.9954952797717305,0.9954952797717306
11353.711240885177,6.338475846709828e-05,-2.3981239394837077e-05,-0.0003124167787016119,0.9952829369684044,0.9952829369684043,0.9952829369684045
11890.167424419898,6.337059951482517e-05,-2.397588244101642e-05,-0.0003123469907215685,0.9950606096464489,0.9950606096464489,0.9950606096464489
12451.97084735032,6.335577495090184e-05,-2.397027365706004e-05,-0.00031227392201201454,0.9948278307280195,0.9948278307280195,0.9948278307280196
13040.319151841288,6.334025365266837e-05,-2.396440126789808e-05,-0.0003121974191726468,0.9945841115175189,0.9945841115175188,0.9945841115175188
13656.466567946096,6.332400305844908e-05,-2.3958252954017802e-05,-0.00031211732171040576,0.9943289407235739,0.9943289407235738,0.994328940723574
14301.72658735088,6.330698910258901e-05,-2.3951815826885023e-05,-0.0003120334617192766,0.994061783438962,0.9940617834389619,0.9940617834389619
14977.474763452,6.328917614771096e-05,-2.3945076403313948e-05,-0.0003119456635463918,0.993782080076894,0.993782080076894,0.9937820800768942
15685.151643735446,6.327052691408956e-05,-2.3938020578746325e-05,-0.000311853743443923,0.99348924526203,0.9934892452620299,0.9934892452620299
16426.265840709304,6.325100240603641e-05,-2.393063359939967e-05,-0.0003117575092062417,0.9931826666745595,0.9931826666745593,0.9931826666745595
17202.39724793599,6.323056183518818e-05,-2.3922900033243815e-05,-0.0003116567597918136,0.9928617038456533,0.9928617038456532,0.9928617038456533
18015.20040802024,6.320916254058754e-05,-2.3914803739763968e-05,-0.0003115512849292867,0.9925256869025544,0.9925256869025542,0.9925256869025543
18866.408039732545,6.318675990544502e-05,-2.390632783846813e-05,-0.0003114408647072188,0.9921739152615525,0.9921739152615524,0.9921739152615524
19757.834731786996,6.316330727046851e-05,-2.389745467609577e-05,-0.00031132526914688825,0.9918056562670627,0.9918056562670627,0.9918056562670629
20691.3808111479,6.31387558436455e-05,-2.3888165792484527e-05,-0.0003112042577576194,0.9914201437750044,0.9914201437750043,0.9914201437750043
21669.03639411181,6.311305460636235e-05,-2.3878441885051e-05,-0.0003110775790740552,0.9910165766786625,0.9910165766786625,0.9910165766786626
22692.885628800763,6.308615021574457e-05,-2.3868262771841754e-05,-0.0003109449701748022,0.9905941173752117,0.9905941173752116,0.9905941173752116
23765.11113811073,6.305798690310124e-05,-2.385760735311042e-05,-0.0003108061561818742,0.990151890171065,0.990151890171065,0.9901518901710651
24887.998672586673,6.302850636835758e-05,-2.3846453571376877e-05,-0.00031066084974036123,0.9896889796242292,0.9896889796242292,0.9896889796242292
26063.94198314347,6.299764767036038e-05,-2.3834778369924967e-05,-0.0003105087504777567,0.9892044288218527,0.9892044288218526,0.9892044288218527
27295.447924020016,6.2965347112942e-05,-2.3822557649695535e-05,-0.00031034954444237906,0.9886972375911758,0.9886972375911759,0.9886972375911759
28585.141796844713,6.293153812663167e-05,-2.3809766224532558e-05,-0.000310182903520339,0.9881663606421324,0.9881663606421321,0.9881663606421323
29935.772947204903,6.289615114590469e-05,-2.37963777747412e-05,-0.00031000848483051413,0.9876107056398863,0.9876107056398863,0.9876107056398864
31350.220625651124,6.285911348186497e-05,-2.378236479891795e-05,-0.0003098259300970142,0.9870291312056627,0.9870291312056628,0.9870291312056629
32831.5001256304,6.282034919026016e-05,-2.3767698564014985e-05,-0.00030963486499864176,0.9864204448442884,0.9864204448442884,0.9864204448442884
34382.76921143307,6.277977893473535e-05,-2.3752349053603027e-05,-0.00030943489849488454,0.9857834007969681,0.9857834007969681,0.9857834007969681
36007.334849856205,6.273731984523783e-05,-2.3736284914299643e-05,-0.00030922562212800677,0.9851166978179225,0.9851166978179227,0.9851166978179227
37708.66025993451,6.26928853714942e-05,-2.3719473400333197e-05,-0.0003090066093008539,0.9844189768736493,0.9844189768736493,0.9844189768736494
39490.37229576694,6.264638513149092e-05,-2.3701880316216372e-05,-0.00030877741453002867,0.9836888187637272,0.9836888187637272,0.9836888187637274
41356.26917817706,6.259772475490114e-05,-2.3683469957507687e-05,-0.00030853757267415913,0.9829247416622675,0.9829247416622673,0.9829247416622674
43310.32859169001,6.254680572141425e-05,-2.366420504964444e-05,-0.00030828659813704186,0.9821251985793238,0.9821251985793237,0.9821251985793239
45356.716164087025,6.249352519393995e-05,-2.3644046684836477e-05,-0.000308023984045522,0.9812885747418223,0.9812885747418222,0.9812885747418224
47499.79434661403,6.243777584667656e-05,-2.3622954257016893e-05,-0.0003077492014020607,0.9804131848938484,0.9804131848938484,0.9804131848938484
49744.13171377451,6.237944568805374e-05,-2.3600885394853467e-05,-0.00030746169821203824,0.9794972705164499,0.97949727051645,0.97949727051645
52094.51270253211,6.231841787858262e-05,-2.3577795892833367e-05,-0.00030716089858595646,0.9785389969674751,0.9785389969674751,0.9785389969674753
54555.947811685146,6.225457054367249e-05,-2.3553639640443496e-05,-0.0003068462018168324,0.9775364505423761,0.977536450542376,0.9775364505423761
57133.68428315568,6.218777658150266e-05,-2.352836854947995e-05,-0.00030651698143321844,0.9764876354573638,0.9764876354573638,0.976487635457364
59833.21728796282,6.211790346607078e-05,-2.3501932479532555e-05,-0.00030617258422844867,0.9753904707568268,0.9753904707568267,0.9753904707568267
62660.30164072656,6.204481304557615e-05,-2.347427916170441e-05,-0.0003058123292668915,0.9742427871474949,0.9742427871474949,0.974242787147495
65620.96406767555,6.196836133633732e-05,-2.3445354120641854e-05,-0.0003054355068681909,0.9730423237624845,0.9730423237624845,0.9730423237624846
68721.51605431108,6.188839831248949e-05,-2.3415100594967772e-05,-0.0003050413775707077,0.9717867248590754,0.9717867248590754,0.9717867248590752
71968.56730011514,6.180476769175808e-05,-2.33834594562303e-05,-0.00030462917107561976,0.9704735364548748,0.9704735364548749,0.970473536454875
75369.03980898541,6.171730671766127e-05,-2.335036912650048e-05,-0.0003041980851734211,0.969100202907909,0.969100202907909,0.969100202907909
78930.18264543568,6.162584593855664e-05,-2.3315765494775904e-05,-0.0003037472846548668,0.9676640634471595,0.9676640634471594,0.9676640634471595
82659.58738801796,6.153020898401662e-05,-2.3279581832373722e-05,-0.0003032759002087505,0.9661623486611559,0.9661623486611559,0.9661623486611559
86565.20431290935,6.143021233909267e-05,-2.324174870752484e-05,-0.00030278302730927696,0.964592176953417,0.964592176953417,0.9645921769534171
90655.35934216359,6.132566511711239e-05,-2.3202193899413116e-05,-0.0003022677250962026,0.9629505509748558,0.9629505509748558,0.9629505509748559
94938.7717927582,6.12163688317451e-05,-2.316084231193771e-05,-0.0003017290152513709,0.961234354044697,0.9612343540446968,0.9612343540446968
99424.57296427398,6.110211716917203e-05,-2.311761588751511e-05,-0.0003011658808757637,0.9594403465730384,0.9594403465730383,0.9594403465730383
104122.32560483043,6.098269576130757e-05,-2.3072433521278712e-05,-0.00030057726537173224,0.9575651624999155,0.9575651624999155,0.9575651624999155
109042.04429677526,6.085788196113745e-05,-2.3025210976079415e-05,-0.0002999620713356629,0.9556053057676068,0.9556053057676067,0.9556053057676068
114194.21680558647,6.072744462137091e-05,-2.2975860798740006e-05,-0.00029931915946697726,0.9535571468449761,0.9535571468449761,0.9535571468449761
119589.82643749769,6.0591143877746275e-05,-2.2924292238070117e-05,-0.0002986473475000681,0.9514169193248835,0.9514169193248834,0.9514169193248834
125240.3754535072,6.044873093848334e-05,-2.287041116520684e-05,-0.00029794540916653245,0.9491807166181161,0.9491807166181161,0.9491807166181162
131157.90958968503,6.029994788154384e-05,-2.2814119996909438e-05,-0.0002972120731958898,0.9468444887699222,0.9468444887699222,0.9468444887699221
137355.04373605122,6.0144527461541857e-05,-2.2755317622505054e-05,-0.0002964460223638641,0.9444040394280708,0.9444040394280707,0.9444040394280708
143844.988828766,5.998219292834156e-05,-2.2693899335256295e-05,-0.00029564589259827083,0.94185502299443,0.9418550229944299,0.9418550229944301
150641.5800129591,5.981265785959003e-05,-2.2629756769001017e-05,-0.0002948102721535892,0.939192941995356,0.9391929419953559,0.9391929419953559
157759.30613623615,5.963562600965883e-05,-2.2562777841000298e-05,-0.00029393770086641143,0.9364131447097367,0.9364131447097367,0.9364131447097367
165213.34063573685,5.945079117771067e-05,-2.2492846702022237e-05,-0.00029302666950515644,0.9335108230973428,0.9335108230973427,0.9335108230973428
173019.57388458907,5.925783709786619e-05,-2.2419843694787258e-05,-0.0002920756192287144,0.9304810110741994,0.9304810110741994,0.9304810110741994
181194.64706671223,5.905643735472319e-05,-2.2343645322005288e-05,-0.0002910829411700494,0.9273185831860488,0.9273185831860487,0.9273185831860488
189755.98765218505,5.884625532777406e-05,-2.2264124225346453e-05,-0.0002900469761622391,0.9240182537355786,0.9240182537355786,0.9240182537355787
198721.84654880533,5.862694416857965e-05,-2.2181149176804925e-05,-0.0002889660146259669,0.9205745764240012,0.9205745764240011,0.9205745764240012
208111.33700903907,5.8398146814887374e-05,-2.2094585084040453e-05,-0.000287838296639109,0.9169819445727392,0.9169819445727392,0.9169819445727393
217944.47537529835,5.815949604622927e-05,-2.2004293011413518e-05,-0.0002866620122107707,0.9132345919964396,0.9132345919964395,0.9132345919964396
228242.22375040976,5.791061458589991e-05,-2.1910130218568088e-05,-0.0002854353017839256,0.9093265946042564,0.9093265946042562,0.9093265946042564
239026.53468423893,5.7651115254595636e-05,-2.1811950218560068e-05,-0.0002841562569926863,0.9052518728123302,0.9052518728123301,0.9052518728123303
250320.39797173202,5.738060118139275e-05,-2.170960285767964e-05,-0.00028282292170219423,0.901004194856621,0.9010041948566209,0.901004194856621
262147.88966213533,5.709866607815274e-05,-2.16029344192708e-05,-0.00028143329336113377,0.8965771811016838,0.8965771811016837,0.8965771811016838
274534.22338387143,5.6804894583864085e-05,-2.1491787754011014e-05,-0.0002799853246989567,0.8919643094476098,0.8919643094476098,0.8919643094476097
287505.80409448774,5.6498862685861434e-05,-2.1376002439276913e-05,-0.000278476925802027,0.8871589219441108,0.8871589219441108,0.887158921944111
301090.2843702586,5.61801382252992e-05,-2.1255414970387197e-05,-0.0002769059666050467,0.8821542327275903,0.8821542327275901,0.8821542327275902
315316.62335543614,5.5848281494695336e-05,-2.1129858986679692e-05,-0.0002752702798362863,0.8769433374039204,0.8769433374039204,0.8769433374039204
330215.14849681756,5.5502845935795966e-05,-2.0999165535544192e-05,-0.0002735676644572855,0.8715192240064835,0.8715192240064834,0.8715192240064835
345817.62019523775,5.5143378946437235e-05,-2.086316337769377e-05,-0.00027179588963979024,0.8658747856657133,0.8658747856657132,0.8658747856657132
362157.29951180675,5.476942280549132e-05,-2.0721679337112494e-05,-0.0002699526993247139,0.8600028351328226,0.8600028351328226,0.8600028351328227
379269.0190732246,5.4380515725368814e-05,-2.0574538699263315e-05,-0.00026803581740981016,0.853896121306453,0.8538961213064529,0.8538961213064529
397189.25732733024,5.3976193041901894e-05,-2.042156566127318e-05,-0.0002660429536144816,0.8475473479165095,0.8475473479165095,0.8475473479165097
415956.2163071843,5.3555988551739516e-05,-2.026258383792837e-05,-0.00026397181007165927,0.8409491945242676,0.8409491945242675,0.8409491945242676
435609.9030694599,5.31194360076363e-05,-2.0097416827408033e-05,-0.00026182008869792375,0.8340943400017625,0.8340943400017625,0.8340943400017626
456192.21498074586,5.2666070782194396e-05,-1.9925888840750798e-05,-0.0002595854993939129,0.826975488656271,0.826975488656271,0.826975488656271
477747.0290335773,5.2195431710707775e-05,-1.9747825399083774e-05,-0.00025726576912750676,0.8195853991671009,0.8195853991671009,0.8195853991671008
500320.2953825999,5.170706312374181e-05,-1.9563054102636717e-05,-0.00025485865195219774,0.8119169165016522,0.8119169165016521,0.8119169165016521
523960.13530026336,5.1200517079938035e-05,-1.937140547551019e-05,-0.0002523619400123492,0.8039630069754615,0.8039630069754615,0.8039630069754615
548716.9437608599,5.067535580924118e-05,-1.9172713890055695e-05,-0.00024977347558560346,0.7957167966163491,0.7957167966163491,0.7957167966163492
574643.4968715974,5.013115437627787e-05,-1.8966818574548877e-05,-0.00024709116421039404,0.7871716129854407,0.7871716129854406,0.7871716129854406
601795.0643797328,4.956750357294722e-05,-1.8753564707583668e-05,-0.0002443129889432193,0.7783210305973303,0.7783210305973302,0.7783210305973303
630229.5274956011,4.898401304838258e-05,-1.8532804602274328e-05,-0.00024143702578589303,0.7691589200675035,0.7691589200675034,0.7691589200675034
660007.5022827089,4.8380314683279246e-05,-1.830439898291191e-05,-0.00023846146031724944,0.7596795010968536,0.7596795010968536,0.7596795010968537
691192.4688779366,4.775606621412035e-05,-1.8068218356168166e-05,-0.00023538460555656956,0.7498773993801608,0.7498773993801607,0.7498773993801608
723850.9068173248,4.7110955111037576e-05,-1.782414447826066e-05,-0.00023220492107714727,0.7397477074972071,0.7397477074972072,0.7397477074972072
758052.4367559246,4.644470271087705e-05,-1.75720719186732e-05,-0.00022892103337773424,0.7292860498111843,0.7292860498111843,0.7292860498111843
793869.9688838223,4.575706860446485e-05,-1.7311909720051183e-05,-0.0002255317575069084,0.718488651358608,0.7184886513586078,0.7184886513586078
831379.8583547334,4.504785527404353e-05,-1.7043583152747593e-05,-0.00022203611992050842,0.7073524106674758,0.7073524106674757,0.7073524106674758
870662.0680585118,4.43169129733414e-05,-1.676703556116768e-05,-0.00021843338253498,0.6958749763853072,0.695874976385307,0.695874976385307
911800.3390845662,4.356414483870589e-05,-1.6482230297535263e-05,-0.000214723067919612,0.684054827535404,0.684054827535404,0.684054827535404
954882.3692395657,4.278951221514529e-05,-1.618915273696839e-05,-0.00021090498554803363,0.6718913571476588,0.6718913571476588,0.6718913571476588
1000000.0,4.199304017595177e-05,-1.588781236579527e-05,-0.00020697925900385334,0.6593849589290204,0.6593849589290204,0.6593849589290204
